{
    "name": "root",
    "gauges": {
        "CarBehaviour.Policy.Entropy.mean": {
            "value": 1.4144901037216187,
            "min": 1.4144901037216187,
            "max": 1.4144901037216187,
            "count": 1
        },
        "CarBehaviour.Policy.Entropy.sum": {
            "value": 141628.65625,
            "min": 141628.65625,
            "max": 141628.65625,
            "count": 1
        },
        "CarBehaviour.Step.mean": {
            "value": 99861.0,
            "min": 99861.0,
            "max": 99861.0,
            "count": 1
        },
        "CarBehaviour.Step.sum": {
            "value": 99861.0,
            "min": 99861.0,
            "max": 99861.0,
            "count": 1
        },
        "CarBehaviour.Policy.ExtrinsicValueEstimate.mean": {
            "value": -17.707136154174805,
            "min": -17.707136154174805,
            "max": -17.707136154174805,
            "count": 1
        },
        "CarBehaviour.Policy.ExtrinsicValueEstimate.sum": {
            "value": -8835.861328125,
            "min": -8835.861328125,
            "max": -8835.861328125,
            "count": 1
        },
        "CarBehaviour.Policy.GailValueEstimate.mean": {
            "value": 8.682378768920898,
            "min": 8.682378768920898,
            "max": 8.682378768920898,
            "count": 1
        },
        "CarBehaviour.Policy.GailValueEstimate.sum": {
            "value": 4332.5068359375,
            "min": 4332.5068359375,
            "max": 4332.5068359375,
            "count": 1
        },
        "CarBehaviour.Environment.EpisodeLength.mean": {
            "value": 428.29741379310343,
            "min": 428.29741379310343,
            "max": 428.29741379310343,
            "count": 1
        },
        "CarBehaviour.Environment.EpisodeLength.sum": {
            "value": 99365.0,
            "min": 99365.0,
            "max": 99365.0,
            "count": 1
        },
        "CarBehaviour.Environment.CumulativeReward.mean": {
            "value": -67.95667487125972,
            "min": -67.95667487125972,
            "max": -67.95667487125972,
            "count": 1
        },
        "CarBehaviour.Environment.CumulativeReward.sum": {
            "value": -15765.948570132256,
            "min": -15765.948570132256,
            "max": -15765.948570132256,
            "count": 1
        },
        "CarBehaviour.Policy.ExtrinsicReward.mean": {
            "value": -67.27710900121721,
            "min": -67.27710900121721,
            "max": -67.27710900121721,
            "count": 1
        },
        "CarBehaviour.Policy.ExtrinsicReward.sum": {
            "value": -15608.289288282394,
            "min": -15608.289288282394,
            "max": -15608.289288282394,
            "count": 1
        },
        "CarBehaviour.Policy.GailReward.mean": {
            "value": 58.90061694953655,
            "min": 58.90061694953655,
            "max": 58.90061694953655,
            "count": 1
        },
        "CarBehaviour.Policy.GailReward.sum": {
            "value": 13664.94313229248,
            "min": 13664.94313229248,
            "max": 13664.94313229248,
            "count": 1
        },
        "CarBehaviour.Losses.PolicyLoss.mean": {
            "value": 0.020815817248543395,
            "min": 0.020815817248543395,
            "max": 0.020815817248543395,
            "count": 1
        },
        "CarBehaviour.Losses.PolicyLoss.sum": {
            "value": 0.39550052772232447,
            "min": 0.39550052772232447,
            "max": 0.39550052772232447,
            "count": 1
        },
        "CarBehaviour.Losses.ValueLoss.mean": {
            "value": 18.829240025187794,
            "min": 18.829240025187794,
            "max": 18.829240025187794,
            "count": 1
        },
        "CarBehaviour.Losses.ValueLoss.sum": {
            "value": 357.7555604785681,
            "min": 357.7555604785681,
            "max": 357.7555604785681,
            "count": 1
        },
        "CarBehaviour.Policy.LearningRate.mean": {
            "value": 0.0003496330958416719,
            "min": 0.0003496330958416719,
            "max": 0.0003496330958416719,
            "count": 1
        },
        "CarBehaviour.Policy.LearningRate.sum": {
            "value": 0.006643028820991766,
            "min": 0.006643028820991766,
            "max": 0.006643028820991766,
            "count": 1
        },
        "CarBehaviour.Policy.Epsilon.mean": {
            "value": 0.2997903404210527,
            "min": 0.2997903404210527,
            "max": 0.2997903404210527,
            "count": 1
        },
        "CarBehaviour.Policy.Epsilon.sum": {
            "value": 5.696016468000001,
            "min": 5.696016468000001,
            "max": 5.696016468000001,
            "count": 1
        },
        "CarBehaviour.Policy.Beta.mean": {
            "value": 0.0024973897382421055,
            "min": 0.0024973897382421055,
            "max": 0.0024973897382421055,
            "count": 1
        },
        "CarBehaviour.Policy.Beta.sum": {
            "value": 0.0474504050266,
            "min": 0.0474504050266,
            "max": 0.0474504050266,
            "count": 1
        },
        "CarBehaviour.Policy.GAILPolicyEstimate.mean": {
            "value": 0.3357625589872661,
            "min": 0.3357625589872661,
            "max": 0.3357625589872661,
            "count": 1
        },
        "CarBehaviour.Policy.GAILPolicyEstimate.sum": {
            "value": 6.379488620758056,
            "min": 6.379488620758056,
            "max": 6.379488620758056,
            "count": 1
        },
        "CarBehaviour.Policy.GAILExpertEstimate.mean": {
            "value": 0.6354793275030036,
            "min": 0.6354793275030036,
            "max": 0.6354793275030036,
            "count": 1
        },
        "CarBehaviour.Policy.GAILExpertEstimate.sum": {
            "value": 12.07410722255707,
            "min": 12.07410722255707,
            "max": 12.07410722255707,
            "count": 1
        },
        "CarBehaviour.Losses.GAILLoss.mean": {
            "value": 0.9501766836015803,
            "min": 0.9501766836015803,
            "max": 0.9501766836015803,
            "count": 1
        },
        "CarBehaviour.Losses.GAILLoss.sum": {
            "value": 18.053356988430025,
            "min": 18.053356988430025,
            "max": 18.053356988430025,
            "count": 1
        },
        "CarBehaviour.Policy.GAILGradMagLoss.mean": {
            "value": 1.3434060158855037,
            "min": 1.3434060158855037,
            "max": 1.3434060158855037,
            "count": 1
        },
        "CarBehaviour.Policy.GAILGradMagLoss.sum": {
            "value": 25.52471430182457,
            "min": 25.52471430182457,
            "max": 25.52471430182457,
            "count": 1
        },
        "CarBehaviour.Losses.PretrainingLoss.mean": {
            "value": 1.386936115068302,
            "min": 1.386936115068302,
            "max": 1.386936115068302,
            "count": 1
        },
        "CarBehaviour.Losses.PretrainingLoss.sum": {
            "value": 26.351786186297737,
            "min": 26.351786186297737,
            "max": 26.351786186297737,
            "count": 1
        },
        "CarBehaviour.IsTraining.mean": {
            "value": 1.0,
            "min": 1.0,
            "max": 1.0,
            "count": 1
        },
        "CarBehaviour.IsTraining.sum": {
            "value": 1.0,
            "min": 1.0,
            "max": 1.0,
            "count": 1
        }
    },
    "metadata": {
        "timer_format_version": "0.1.0",
        "start_time_seconds": "1704021729",
        "python_version": "3.8.18 (default, Sep 11 2023, 13:39:12) [MSC v.1916 64 bit (AMD64)]",
        "command_line_arguments": "C:\\Users\\franc\\anaconda3\\envs\\mlagents2\\Scripts\\mlagents-learn trainer_settings.yaml --run-id=TutorialRun11 --quality-level=0",
        "mlagents_version": "0.30.0",