{"cameraMode":{"drawMode":0,"name":"Shaded","section":"Shading Mode"},"sceneLighting":false,"audioPlay":false,"sceneViewState":{"m_AlwaysRefresh":false,"showFog":true,"showSkybox":true,"showFlares":true,"showImageEffects":true,"showParticleSystems":true,"showVisualEffectGraphs":true,"m_FxEnabled":true},"in2DMode":false,"pivot":{"x":-67.66250610351563,"y":-11.81932258605957,"z":126.26748657226563},"rotation":{"x":-0.6884260177612305,"y":0.0004225769662298262,"z":-0.0004220659320708364,"w":-0.7253166437149048},"size":61.43324279785156,"orthographic":false}