{"cameraMode":{"drawMode":0,"name":"Shaded","section":"Shading Mode"},"sceneLighting":true,"audioPlay":false,"sceneViewState":{"m_AlwaysRefresh":false,"showFog":true,"showSkybox":true,"showFlares":true,"showImageEffects":true,"showParticleSystems":true,"showVisualEffectGraphs":true,"m_FxEnabled":true},"in2DMode":false,"pivot":{"x":-7.2326836585998539,"y":14.966523170471192,"z":83.98014831542969},"rotation":{"x":0.022808369249105455,"y":0.008680172264575959,"z":-0.0002026688162004575,"w":0.9997497797012329},"size":7.5883564949035648,"orthographic":false}