{"cameraMode":{"drawMode":0,"name":"Shaded","section":"Shading Mode"},"sceneLighting":true,"audioPlay":false,"sceneViewState":{"m_AlwaysRefresh":false,"showFog":true,"showSkybox":true,"showFlares":true,"showImageEffects":true,"showParticleSystems":true,"showVisualEffectGraphs":true,"m_FxEnabled":true},"in2DMode":false,"pivot":{"x":-8.376008033752442,"y":4.713466644287109,"z":103.43960571289063},"rotation":{"x":0.21463853120803834,"y":-0.003236595541238785,"z":0.0007389821694232523,"w":0.9767451882362366},"size":16.38511085510254,"orthographic":false}