{"cameraMode":{"drawMode":0,"name":"Shaded","section":"Shading Mode"},"sceneLighting":true,"audioPlay":false,"sceneViewState":{"m_AlwaysRefresh":false,"showFog":true,"showSkybox":true,"showFlares":true,"showImageEffects":true,"showParticleSystems":true,"showVisualEffectGraphs":true,"m_FxEnabled":true},"in2DMode":false,"pivot":{"x":19.527015686035158,"y":-4.133882522583008,"z":69.47212982177735},"rotation":{"x":0.2713647484779358,"y":0.0003004804893862456,"z":-0.00007757987623335794,"w":0.9624821543693543},"size":11.069304466247559,"orthographic":false}