{"cameraMode":{"drawMode":0,"name":"Shaded","section":"Shading Mode"},"sceneLighting":true,"audioPlay":false,"sceneViewState":{"m_AlwaysRefresh":false,"showFog":true,"showSkybox":true,"showFlares":true,"showImageEffects":true,"showParticleSystems":true,"showVisualEffectGraphs":true,"m_FxEnabled":true},"in2DMode":false,"pivot":{"x":-31.85396385192871,"y":17.056543350219728,"z":126.45795440673828},"rotation":{"x":0.1304355412721634,"y":-0.005639702547341585,"z":0.0007435205043293536,"w":0.9914465546607971},"size":14.693492889404297,"orthographic":false}