{"cameraMode":{"drawMode":0,"name":"Shaded","section":"Shading Mode"},"sceneLighting":true,"audioPlay":false,"sceneViewState":{"m_AlwaysRefresh":false,"showFog":true,"showSkybox":true,"showFlares":true,"showImageEffects":true,"showParticleSystems":true,"showVisualEffectGraphs":true,"m_FxEnabled":true},"in2DMode":false,"pivot":{"x":-10.53613567352295,"y":-4.563418388366699,"z":110.0350112915039},"rotation":{"x":0.043783608824014667,"y":-0.023663334548473359,"z":0.0010384070919826627,"w":0.9987661242485046},"size":73.02008819580078,"orthographic":false}