{"cameraMode":{"drawMode":0,"name":"Shaded","section":"Shading Mode"},"sceneLighting":true,"audioPlay":false,"sceneViewState":{"m_AlwaysRefresh":false,"showFog":true,"showSkybox":true,"showFlares":true,"showImageEffects":true,"showParticleSystems":true,"showVisualEffectGraphs":true,"m_FxEnabled":true},"in2DMode":false,"pivot":{"x":-7.648855209350586,"y":-0.26792335510253909,"z":73.57536315917969},"rotation":{"x":0.16485129296779633,"y":-0.0020755406003445389,"z":0.0004332991084083915,"w":0.9863716959953308},"size":12.401516914367676,"orthographic":false}