{"cameraMode":{"drawMode":0,"name":"Shaded","section":"Shading Mode"},"sceneLighting":true,"audioPlay":false,"sceneViewState":{"m_AlwaysRefresh":false,"showFog":true,"showSkybox":true,"showFlares":true,"showImageEffects":true,"showParticleSystems":true,"showVisualEffectGraphs":true,"m_FxEnabled":true},"in2DMode":false,"pivot":{"x":-7.087499141693115,"y":4.072672367095947,"z":110.95809936523438},"rotation":{"x":0.043783608824014667,"y":-0.023663334548473359,"z":0.0010384070919826627,"w":0.9987661242485046},"size":72.7706069946289,"orthographic":false}