{"cameraMode":{"drawMode":0,"name":"Shaded","section":"Shading Mode"},"sceneLighting":true,"audioPlay":false,"sceneViewState":{"m_AlwaysRefresh":false,"showFog":true,"showSkybox":true,"showFlares":true,"showImageEffects":true,"showParticleSystems":true,"showVisualEffectGraphs":true,"m_FxEnabled":true},"in2DMode":false,"pivot":{"x":-18.254440307617189,"y":13.540936470031739,"z":54.286190032958987},"rotation":{"x":0.26007699966430666,"y":-0.004636396653950214,"z":0.0012529611121863127,"w":0.9655937552452087},"size":0.9539464712142944,"orthographic":false}