{
    "name": "root",
    "metadata": {
        "timer_format_version": "0.1.0",
        "start_time_seconds": "1707132349",
        "python_version": "3.7.16 (default, Jan 17 2023, 16:06:28) [MSC v.1916 64 bit (AMD64)]",
        "command_line_arguments": "C:\\Users\\ADMiN\\anaconda3\\envs\\mlagents-r8\\Scripts\\mlagents-learn trainer_settings.yaml --run-id=multiEnvTrainingTest --resume",
        "mlagents_version": "0.29.0",
        "mlagents_envs_version": "0.29.0",
        "communication_protocol_version": "1.5.0",
        "pytorch_version": "1.7.1+cu110",
        "numpy_version": "1.21.2",
        "end_time_seconds": "1707132379"
    },
    "total": 29.8981058,
    "count": 1,
    "self": 0.0093787999999968,
    "children": {
        "run_training.setup": {
            "total": 0.10294979999999998,
            "count": 1,
            "self": 0.10294979999999998
        },
        "TrainerController.start_learning": {
            "total": 29.785777200000002,
            "count": 1,
            "self": 0.11210459999997369,
            "children": {
                "TrainerController._reset_env": {
                    "total": 8.9759667,
                    "count": 1,
                    "self": 7.969580199999999,
                    "children": {
                        "demo_to_buffer": {
                            "total": 1.0063865000000014,
                            "count": 2,
                            "self": 6.830000000057623e-05,
                            "children": {
                                "load_demonstration": {
                                    "total": 0.01532669999999925,
                                    "count": 2,
                                    "self": 0.015003699999999398,
                                    "children": {
                                        "read_file": {
                                            "total": 0.0003229999999998512,
                                            "count": 2,
                                            "self": 0.0003229999999998512
                                        }
                                    }
                                },
                                "make_demo_buffer": {
                                    "total": 0.9909915000000016,
                                    "count": 2,
                                    "self": 0.16745139999992986,
                                    "children": {
                                        "steps_from_proto": {
                                            "total": 0.8235401000000717,
                                            "count": 6840,
                                            "self": 0.4296851000001549,
                                            "children": {
                                                "_process_rank_one_or_two_observation": {
                                                    "total": 0.3938549999999168,
                                                    "count": 27360,
                                                    "self": 0.3938549999999168
                                                }
                                            }
                                        }
                                    }
                                }
                            }
                        }
                    }
                },
                "TrainerController.advance": {
                    "total": 20.60873520000003,
                    "count": 531,
                    "self": 0.0072873000000441834,
                    "children": {
                        "env_step": {
                            "total": 20.601447899999986,
                            "count": 531,
                            "self": 18.417781700000027,
                            "children": {
                                "SubprocessEnvManager._take_step": {
                                    "total": 2.177837199999976,
                                    "count": 531,
                                    "self": 0.02542509999999787,
                                    "children": {
                                        "TorchPolicy.evaluate": {
                                            "total": 2.152412099999978,
                                            "count": 531,
                                            "self": 0.4281501999999726,
                                            "children": {
                                                "TorchPolicy.sample_actions": {
                                                    "total": 1.7242619000000055,
                                                    "count": 531,
                                                    "self": 1.7242619000000055
                                                }
                                            }
                                        }
                                    }
                                },
                                "workers": {
                                    "total": 0.005828999999980766,
                                    "count": 531,
                                    "self": 0.0,
                                    "children": {
                                        "worker_root": {
                                            "total": 22.77048469999999,
                                            "count": 531,
                                            "is_parallel": true,
                                            "self": 17.853807099999973,
                                            "children": {
                                                "steps_from_proto": {
                                                    "total": 0.0003188999999998998,
                                                    "count": 1,
                                                    "is_parallel": true,
                                                    "self": 0.00010580000000004475,
                                                    "children": {
                                                        "_process_rank_one_or_two_observation": {
                                                            "total": 0.00021309999999985507,
                                                            "count": 4,
                                                            "is_parallel": true,
                                                            "self": 0.00021309999999985507
                                                        }
                                                    }
                                                },
                                                "UnityEnvironment.step": {
                                                    "total": 4.916358700000018,
                                                    "count": 531,
                                                    "is_parallel": true,
                                                    "self": 0.07453460000017387,
                                                    "children": {
                                                        "UnityEnvironment._generate_step_input": {
                                                            "total": 0.06472529999992283,
                                                            "count": 531,
                                                            "is_parallel": true,
                                                            "self": 0.06472529999992283
                                                        },
                                                        "communicator.exchange": {
                                                            "total": 4.558276799999934,
                                                            "count": 531,
                                                            "is_parallel": true,