{"cameraMode":{"drawMode":0,"name":"Shaded","section":"Shading Mode"},"sceneLighting":false,"audioPlay":false,"sceneViewState":{"m_AlwaysRefresh":false,"showFog":true,"showSkybox":false,"showFlares":true,"showImageEffects":true,"showParticleSystems":true,"showVisualEffectGraphs":true,"m_FxEnabled":true},"in2DMode":false,"pivot":{"x":0.5082712173461914,"y":0.5077948570251465,"z":3.0135486125946047},"rotation":{"x":0.17855554819107057,"y":-0.6885814070701599,"z":0.18104438483715058,"w":0.6791394352912903},"size":3.0861029624938967,"orthographic":false}